{
 "soccer-v3|1x2": {
  "a": 1.4697807687523645,
  "b": 0.28055707655861084,
  "n": 60,
  "calib_version": "platt-v3"
 },
 "soccer-v3|1x2|dog": {
  "a": 1.2829637270663377,
  "b": 0.05825476904023408,
  "n": 60,
  "calib_version": "platt-v3"
 },
 "soccer-v3|1x2:home": {
  "a": 1.0930875955453474,
  "b": 0.14041040077909306,
  "n": 60,
  "calib_version": "platt-v3"
 },
 "soccer-v3|1x2:draw": {
  "a": 1.1809846910648691,
  "b": 0.04419358170613655,
  "n": 60,
  "calib_version": "platt-v3"
 },
 "soccer-v3|1x2:away": {
  "a": 1.6377844949746467,
  "b": 0.29668350055295084,
  "n": 60,
  "calib_version": "platt-v3"
 },
 "soccer-v3|dc": {
  "a": 1.4697807687523645,
  "b": -0.28055707655861084,
  "n": 60,
  "calib_version": "platt-v3"
 },
 "soccer-v3|dc|fav": {
  "a": 1.2829637270663374,
  "b": -0.05825476904023392,
  "n": 60,
  "calib_version": "platt-v3"
 },
 "soccer-v3|over": {
  "a": 0.8477849389650893,
  "b": 0.27980003180892815,
  "n": 60,
  "calib_version": "platt-v3"
 },
 "soccer-v3|over|fav": {
  "a": 1.2482676972036837,
  "b": -0.15542937064312343,
  "n": 60,
  "calib_version": "platt-v3"
 },
 "soccer-v3|over|dog": {
  "a": 0.6986660627497185,
  "b": -0.022791036704779895,
  "n": 60,
  "calib_version": "platt-v3"
 },
 "soccer-v3|btts": {
  "a": 1.0,
  "b": 0.0,
  "n": 60,
  "calib_version": "platt-v3"
 },
 "soccer-v3|btts|mid": {
  "a": 1.0,
  "b": 0.0,
  "n": 24,
  "calib_version": "platt-v3"
 },
 "soccer-v3|1x2|mid": {
  "a": 1.0,
  "b": 0.0,
  "n": 15,
  "calib_version": "platt-v3"
 },
 "soccer-v3|dc|mid": {
  "a": 1.0,
  "b": 0.0,
  "n": 15,
  "calib_version": "platt-v3"
 },
 "soccer-v3|over|mid": {
  "a": 1.0,
  "b": 0.0,
  "n": 32,
  "calib_version": "platt-v3"
 },
 "soccer-v3|1x2|fav": {
  "a": 1.0,
  "b": 0.0,
  "n": 29,
  "calib_version": "platt-v3"
 },
 "soccer-v3|dc|dog": {
  "a": 1.0,
  "b": 0.0,
  "n": 29,
  "calib_version": "platt-v3"
 },
 "soccer-v3|btts|dog": {
  "a": 1.0,
  "b": 0.0,
  "n": 31,
  "calib_version": "platt-v3"
 },
 "soccer-v3|btts|fav": {
  "a": 1.0,
  "b": 0.0,
  "n": 5,
  "calib_version": "platt-v3"
 },
 "soccer-v3|cs": {
  "a": 1.0,
  "b": 0.0,
  "n": 54,
  "calib_version": "platt-v3"
 },
 "soccer-v3|cs|mid": {
  "a": 1.0,
  "b": 0.0,
  "n": 8,
  "calib_version": "platt-v3"
 },
 "soccer-v3|cs|dog": {
  "a": 1.0,
  "b": 0.0,
  "n": 54,
  "calib_version": "platt-v3"
 },
 "soccer-v3|cs|fav": {
  "a": 1.0,
  "b": 0.0,
  "n": 18,
  "calib_version": "platt-v3"
 },
 "corners-sb-v1|corners": {
  "a": 0.6379130438681351,
  "b": -0.24363229504034514,
  "n": 25,
  "calib_version": "platt-v3"
 },
 "corners-sb-v1|corners|dog": {
  "a": 1.0,
  "b": 0.0,
  "n": 22,
  "calib_version": "platt-v3"
 },
 "cards-sb-v1|cards": {
  "a": 0.7299863698783908,
  "b": -0.4447246706605322,
  "n": 25,
  "calib_version": "platt-v3"
 },
 "cards-sb-v1|cards|fav": {
  "a": 1.0,
  "b": 0.0,
  "n": 19,
  "calib_version": "platt-v3"
 },
 "cards-sb-v1|cards|dog": {
  "a": 1.0,
  "b": 0.0,
  "n": 17,
  "calib_version": "platt-v3"
 },
 "corners-sb-v1|corners|mid": {
  "a": 1.0,
  "b": 0.0,
  "n": 7,
  "calib_version": "platt-v3"
 },
 "cards-sb-v1|cards|mid": {
  "a": 1.0,
  "b": 0.0,
  "n": 9,
  "calib_version": "platt-v3"
 },
 "mlb-ml-v1|ml": {
  "a": 1.0,
  "b": 0.0,
  "n": 96,
  "calib_version": "platt-v3"
 },
 "mlb-ml-v1|ml|fav": {
  "a": 1.0,
  "b": 0.0,
  "n": 41,
  "calib_version": "platt-v3"
 },
 "mlb-ml-v1|ml|mid": {
  "a": 1.0,
  "b": 0.0,
  "n": 48,
  "calib_version": "platt-v3"
 },
 "corners-sb-v1|corners|fav": {
  "a": 1.0,
  "b": 0.0,
  "n": 8,
  "calib_version": "platt-v3"
 },
 "mlb-ml-v1|ml|dog": {
  "a": 1.0,
  "b": 0.0,
  "n": 8,
  "calib_version": "platt-v3"
 },
 "corners-sb-v2|corners": {
  "a": 1.0,
  "b": 0.0,
  "n": 5,
  "calib_version": "platt-v3"
 },
 "corners-sb-v2|corners|dog": {
  "a": 1.0,
  "b": 0.0,
  "n": 5,
  "calib_version": "platt-v3"
 },
 "cards-sb-v2|cards": {
  "a": 1.0,
  "b": 0.0,
  "n": 5,
  "calib_version": "platt-v3"
 },
 "cards-sb-v2|cards|mid": {
  "a": 1.0,
  "b": 0.0,
  "n": 2,
  "calib_version": "platt-v3"
 },
 "cards-sb-v2|cards|dog": {
  "a": 1.0,
  "b": 0.0,
  "n": 5,
  "calib_version": "platt-v3"
 },
 "cards-sb-v2|cards|fav": {
  "a": 1.0,
  "b": 0.0,
  "n": 2,
  "calib_version": "platt-v3"
 }
}