{
 "soccer-v3|1x2": {
  "a": 1.4327160836599715,
  "b": 0.25717628749766264,
  "n": 58,
  "calib_version": "platt-v3"
 },
 "soccer-v3|1x2|dog": {
  "a": 1.2284226566205936,
  "b": 0.015147726341372873,
  "n": 58,
  "calib_version": "platt-v3"
 },
 "soccer-v3|1x2:home": {
  "a": 1.0738772981101403,
  "b": 0.15297028307377264,
  "n": 58,
  "calib_version": "platt-v3"
 },
 "soccer-v3|1x2:draw": {
  "a": 1.2244689036371377,
  "b": 0.11258411279176699,
  "n": 58,
  "calib_version": "platt-v3"
 },
 "soccer-v3|1x2:away": {
  "a": 1.608258828366826,
  "b": 0.223380032651838,
  "n": 58,
  "calib_version": "platt-v3"
 },
 "soccer-v3|dc": {
  "a": 1.4327160836599715,
  "b": -0.2571762874976626,
  "n": 58,
  "calib_version": "platt-v3"
 },
 "soccer-v3|dc|fav": {
  "a": 1.2284226566205936,
  "b": -0.015147726341372784,
  "n": 58,
  "calib_version": "platt-v3"
 },
 "soccer-v3|over": {
  "a": 0.8824444550393978,
  "b": 0.30028472054067756,
  "n": 58,
  "calib_version": "platt-v3"
 },
 "soccer-v3|over|fav": {
  "a": 1.6503665385742428,
  "b": -0.48388792063274816,
  "n": 58,
  "calib_version": "platt-v3"
 },
 "soccer-v3|over|dog": {
  "a": 0.7015671353772236,
  "b": -0.026049443032304817,
  "n": 58,
  "calib_version": "platt-v3"
 },
 "soccer-v3|btts": {
  "a": 1.0,
  "b": 0.0,
  "n": 58,
  "calib_version": "platt-v3"
 },
 "soccer-v3|btts|mid": {
  "a": 1.0,
  "b": 0.0,
  "n": 24,
  "calib_version": "platt-v3"
 },
 "soccer-v3|1x2|mid": {
  "a": 1.0,
  "b": 0.0,
  "n": 14,
  "calib_version": "platt-v3"
 },
 "soccer-v3|dc|mid": {
  "a": 1.0,
  "b": 0.0,
  "n": 14,
  "calib_version": "platt-v3"
 },
 "soccer-v3|over|mid": {
  "a": 1.0,
  "b": 0.0,
  "n": 32,
  "calib_version": "platt-v3"
 },
 "soccer-v3|1x2|fav": {
  "a": 1.0,
  "b": 0.0,
  "n": 29,
  "calib_version": "platt-v3"
 },
 "soccer-v3|dc|dog": {
  "a": 1.0,
  "b": 0.0,
  "n": 29,
  "calib_version": "platt-v3"
 },
 "soccer-v3|btts|dog": {
  "a": 1.0,
  "b": 0.0,
  "n": 31,
  "calib_version": "platt-v3"
 },
 "soccer-v3|btts|fav": {
  "a": 1.0,
  "b": 0.0,
  "n": 3,
  "calib_version": "platt-v3"
 },
 "soccer-v3|cs": {
  "a": 1.0,
  "b": 0.0,
  "n": 52,
  "calib_version": "platt-v3"
 },
 "soccer-v3|cs|mid": {
  "a": 1.0,
  "b": 0.0,
  "n": 8,
  "calib_version": "platt-v3"
 },
 "soccer-v3|cs|dog": {
  "a": 1.0,
  "b": 0.0,
  "n": 52,
  "calib_version": "platt-v3"
 },
 "soccer-v3|cs|fav": {
  "a": 1.0,
  "b": 0.0,
  "n": 18,
  "calib_version": "platt-v3"
 },
 "corners-sb-v1|corners": {
  "a": 0.6379130438681351,
  "b": -0.24363229504034514,
  "n": 25,
  "calib_version": "platt-v3"
 },
 "corners-sb-v1|corners|dog": {
  "a": 1.0,
  "b": 0.0,
  "n": 22,
  "calib_version": "platt-v3"
 },
 "cards-sb-v1|cards": {
  "a": 0.7299863698783908,
  "b": -0.4447246706605322,
  "n": 25,
  "calib_version": "platt-v3"
 },
 "cards-sb-v1|cards|fav": {
  "a": 1.0,
  "b": 0.0,
  "n": 19,
  "calib_version": "platt-v3"
 },
 "cards-sb-v1|cards|dog": {
  "a": 1.0,
  "b": 0.0,
  "n": 17,
  "calib_version": "platt-v3"
 },
 "corners-sb-v1|corners|mid": {
  "a": 1.0,
  "b": 0.0,
  "n": 7,
  "calib_version": "platt-v3"
 },
 "cards-sb-v1|cards|mid": {
  "a": 1.0,
  "b": 0.0,
  "n": 9,
  "calib_version": "platt-v3"
 },
 "mlb-ml-v1|ml": {
  "a": 1.7015583799863303,
  "b": -0.3374326942028508,
  "n": 89,
  "calib_version": "platt-v3"
 },
 "mlb-ml-v1|ml|fav": {
  "a": 1.406274863092341,
  "b": -0.12991139060748513,
  "n": 38,
  "calib_version": "platt-v3"
 },
 "mlb-ml-v1|ml|mid": {
  "a": 1.3270223512031496,
  "b": -0.3902119539186285,
  "n": 45,
  "calib_version": "platt-v3"
 },
 "corners-sb-v1|corners|fav": {
  "a": 1.0,
  "b": 0.0,
  "n": 8,
  "calib_version": "platt-v3"
 },
 "mlb-ml-v1|ml|dog": {
  "a": 1.0,
  "b": 0.0,
  "n": 7,
  "calib_version": "platt-v3"
 },
 "corners-sb-v2|corners": {
  "a": 1.0,
  "b": 0.0,
  "n": 3,
  "calib_version": "platt-v3"
 },
 "corners-sb-v2|corners|dog": {
  "a": 1.0,
  "b": 0.0,
  "n": 3,
  "calib_version": "platt-v3"
 },
 "cards-sb-v2|cards": {
  "a": 1.0,
  "b": 0.0,
  "n": 3,
  "calib_version": "platt-v3"
 },
 "cards-sb-v2|cards|mid": {
  "a": 1.0,
  "b": 0.0,
  "n": 1,
  "calib_version": "platt-v3"
 },
 "cards-sb-v2|cards|dog": {
  "a": 1.0,
  "b": 0.0,
  "n": 3,
  "calib_version": "platt-v3"
 },
 "cards-sb-v2|cards|fav": {
  "a": 1.0,
  "b": 0.0,
  "n": 2,
  "calib_version": "platt-v3"
 }
}